transaction_text,category
Vehicle loan EMI INR 26797 TXNe5f40542,emi
Broadband payment INR 44907 TXNac7f2e45,utilities
Tata Cliq purchase INR 14750 TXNb83cc4ae,shopping
Practo consultation INR 32132 TXNb62877f8,healthcare
Workshop registration INR 25070 TXNa27faf23,education
Postpaid bill payment INR 34813 TXNd0e7afa0,utilities
Cab fare payment INR 32382 TXNfcb8c2e0,travel
Ola cab INR 45959 TXN1052b6ce,travel
Education loan installment INR 23291 TXN3a66eee9,emi
Bus ticket INR 32097 TXN55ec41a6,travel
Cab fare payment INR 21499 TXN1754cb35,travel
Two wheeler loan payment INR 38029 TXN85967fc4,emi
Starbucks coffee INR 36434 TXNcba7c13b,food
Library fee INR 2160 TXNe2f5a99d,education
Bowling alley INR 11787 TXN6a2911cc,entertainment
Hotstar subscription INR 33590 TXN67980a6b,entertainment
Mall purchase INR 44520 TXNa85083cc,shopping
Sewage charges INR 31012 TXNaaaa899e,utilities
Mobile recharge INR 35808 TXN3ce4f76b,utilities
Zepto groceries INR 34963 TXN6585dd1f,food
Apollo pharmacy INR 17645 TXN96cc9660,healthcare
Groww mutual fund INR 5607 TXNe9289a2a,investment
Burger King INR 18926 TXN7b1f9328,food
SpiceJet airlines INR 46395 TXN2370aeea,travel
Municipal tax payment INR 29124 TXN00e0616b,utilities
Cafe coffee INR 22922 TXNee52db9f,food
Laptop EMI payment INR 43236 TXN2b8a4b99,emi
Jio fiber broadband INR 33377 TXNf15d8287,utilities
Ajio clothing INR 5882 TXNeda218b1,shopping
Snapdeal buy INR 14032 TXNa54f978c,shopping
Gold loan EMI INR 5171 TXN2817080d,emi
Airtel postpaid payment INR 49708 TXNb1b392d4,utilities
Cult Fit subscription INR 46796 TXN1c39a46b,healthcare
Parking fee INR 5451 TXNa8211ef2,travel
Pantaloons purchase INR 1270 TXNdad9c304,shopping
Maintenance charges INR 43314 TXN0329ccca,utilities
Loan repayment INR 35191 TXN9f0bd122,emi
Byjus subscription INR 47586 TXN5666b64f,education
Monthly EMI debit INR 13862 TXN1bc037cf,emi
Vaccination fee INR 46190 TXNb33d6d97,healthcare
Barbeque Nation INR 18900 TXNa2759a64,food
Cab fare payment INR 16769 TXNcea1b0d0,travel
Exam fee INR 28996 TXN3a51d8ac,education
Mutual fund SIP INR 43083 TXN4755e84f,investment
Supermarket purchase INR 20653 TXNa31b7684,food
McDonalds meal INR 19859 TXN084f8b2d,food
Gym membership INR 1876 TXN7c9a5413,healthcare
Grofers online INR 48467 TXN520f8a6d,food
Water bill INR 35371 TXNd3ac2465,utilities
FASTag recharge INR 14188 TXN00c8a86b,travel
Ambulance charges INR 17178 TXNfb4a53f5,healthcare
Physiotherapy session INR 38031 TXN7c960d06,healthcare
Crypto investment INR 21957 TXN4108d5b5,investment
Maintenance charges INR 29736 TXN8693a59e,utilities
Dunzo food INR 35278 TXN27abf6b2,food
Chinese takeaway INR 44921 TXN7bac1c74,food
Netflix subscription INR 47580 TXN4301fadf,entertainment
Postpaid bill payment INR 47629 TXNa3b5ac12,utilities
Tata Power bill INR 29782 TXN9b374bec,utilities
Certification exam fee INR 22876 TXNc684b3d6,education
Credit card EMI INR 32501 TXN3c549b18,emi
Dental clinic charges INR 481 TXN3c5815c5,healthcare
Metro card recharge INR 10821 TXNeb88567c,travel
Hostel fees INR 33121 TXN071dff7e,education
Electronics shopping INR 24408 TXN44d7d9f1,shopping
Equity investment INR 13539 TXNf7e6bd99,investment
Blinkit delivery INR 17937 TXN605a6272,food
Croma electronics INR 33272 TXN3a637c7d,shopping
Stock purchase INR 2688 TXN2650afff,investment
Amazon purchase INR 49348 TXNb1ac6c30,shopping
Cafe Coffee Day INR 30476 TXNe462f471,food
Bond purchase INR 28134 TXN5c2567b2,investment
Bowling alley INR 44288 TXN78878204,entertainment
Burger King INR 37746 TXN90cd9c28,food
Credit card EMI INR 36114 TXN16288041,emi
Lifestyle store INR 4843 TXN411b752a,shopping
Blinkit delivery INR 40830 TXN8e9a16d2,food
Library fee INR 6160 TXN2a2d903e,education
Movie ticket booking INR 9985 TXNbe98f76d,entertainment
Hotstar subscription INR 34550 TXN3e4087a1,entertainment
Practo consultation INR 1883 TXNc290ee3d,healthcare
Recurring deposit INR 18544 TXN2130e33e,investment
Concert ticket INR 49887 TXNca2063be,entertainment
Udemy course purchase INR 4846 TXNaa756304,education
Society maintenance INR 8277 TXN210b76f1,utilities
OTT subscription INR 3974 TXN8522a465,entertainment
Mobile phone EMI INR 46333 TXN8822a97d,emi
Railway reservation INR 1329 TXNfc587e86,travel
Online shopping payment INR 1947 TXN2e300053,shopping
Ajio clothing INR 23657 TXNc5b1c0da,shopping
Theme park ticket INR 24130 TXN2f717a12,entertainment
Rapido bike ride INR 7445 TXN0a9ee319,travel
Vehicle loan EMI INR 24387 TXNda164095,emi
Furniture order INR 20619 TXN5e4fae73,shopping
Flight ticket booking INR 19385 TXN53f77f5b,travel
Index fund purchase INR 41054 TXN1a65ec20,investment
ELSS investment INR 18407 TXN951b7ffc,investment
Lab test diagnostic INR 42711 TXNf79053b9,healthcare
Car loan EMI INR 9749 TXNcef67189,emi
INOX movies INR 9120 TXNf317f9f3,entertainment
Mall purchase INR 35184 TXN654ac6c7,shopping
Byjus subscription INR 4718 TXN60e69364,education
Groww mutual fund INR 1622 TXN3654eaab,investment
Chinese takeaway INR 27350 TXN2a85f8c8,food
Pantaloons purchase INR 9249 TXN72fafb75,shopping
JioCinema plan INR 38531 TXN924f85e9,entertainment
Apollo pharmacy INR 10728 TXN66af24cb,healthcare
Education loan installment INR 19780 TXN44e72cd1,emi
Laptop EMI payment INR 39799 TXNa02172a8,emi
Myntra fashion order INR 26486 TXN03f3081b,shopping
Monthly EMI debit INR 26974 TXNb9432f3b,emi
Zomato dinner INR 25059 TXN9748fa1e,food
Car loan EMI INR 21632 TXNbc6be915,emi
Food court payment INR 48222 TXNc4c1dd3d,food
Train ticket IRCTC INR 18874 TXN5ae198be,travel
Airport taxi INR 48422 TXNbe0bf993,travel
Canteen payment INR 44542 TXN9ca11a4b,food
Zepto groceries INR 37974 TXN04af6b1b,food
Goibibo hotel INR 15958 TXN92624716,travel
Apollo pharmacy INR 20372 TXNe9515376,healthcare
KFC order INR 49133 TXNde774648,food
Demat account funding INR 6853 TXN10e1b98a,investment
Mall purchase INR 521 TXN63c61694,shopping
Broadband payment INR 36497 TXNac86698f,utilities
Cosmetics purchase INR 13847 TXN6c5679fa,shopping
Auto rickshaw INR 25894 TXN196f345c,travel
Airtel postpaid payment INR 37799 TXN1a655904,utilities
Upstox trading INR 38973 TXNd05119d2,investment
Doctor consultation INR 30778 TXN25babbb4,healthcare
Bike loan EMI INR 25285 TXN31398dc4,emi
Subway sandwich INR 36220 TXNc6edf36d,food
PharmEasy medicines INR 12317 TXN31f4a606,healthcare
Reliance Digital INR 29574 TXN798f0b86,shopping
Upstox trading INR 36643 TXN721e5dc2,investment
Lifestyle store INR 36325 TXNd2096813,shopping
Licious meat order INR 47290 TXNd6e6d6b5,food
Jewellery purchase INR 22330 TXNfcfed9bf,shopping
Groww mutual fund INR 35676 TXN1d148d2e,investment
Amazon purchase INR 30075 TXNe0b9c129,shopping
Bike loan EMI INR 13355 TXNc3424da2,emi
Cafe Coffee Day INR 5956 TXNe563ce58,food
McDonalds meal INR 20144 TXN41318c23,food
Movie ticket booking INR 7156 TXN2c3aeb11,entertainment
Demat account funding INR 24602 TXNc84a4eea,investment
Hospital bill INR 21518 TXNc362efe3,healthcare
NPS contribution INR 34583 TXN9bbb30f0,investment
Cafe coffee INR 48705 TXN849b3a47,food
Reliance Digital INR 10808 TXN7db6431d,shopping
Groww mutual fund INR 39347 TXN0ff1b5b3,investment
Air India ticket INR 11281 TXN1da5ffee,travel
Clinic visit INR 24577 TXN56aec9d4,healthcare
FASTag recharge INR 37299 TXN6827f190,travel
PharmEasy medicines INR 921 TXN27bdf979,healthcare
Blinkit delivery INR 15205 TXN6236570d,food
Decathlon sports INR 29845 TXNe0a1fa4b,shopping
Mobile phone EMI INR 35879 TXN497a1202,emi
Electricity bill payment INR 45319 TXN7951219e,utilities
Personal loan installment INR 33986 TXNcde91ab0,emi
School fees INR 45096 TXNb3d82a17,education
Medical test charges INR 41229 TXNf90faf5b,healthcare
Fixed deposit investment INR 40617 TXN5bf3b038,investment
Physiotherapy session INR 29088 TXNbadb9cb8,healthcare
Equity investment INR 11385 TXN3dbf1c92,investment
Footwear shop INR 7854 TXNb7b23658,shopping
Postpaid bill payment INR 18259 TXN4944b9eb,utilities
Physiotherapy session INR 8162 TXNa1f8cf8c,healthcare
Bond purchase INR 42007 TXN39fc0ccf,investment
Hostel fees INR 7631 TXN7832fb1f,education
BigBasket grocery INR 35955 TXN72d7cd4c,food
Electricity bill payment INR 49828 TXNa0abc23f,utilities
Goibibo hotel INR 19150 TXNbafc54c5,travel
Gaming top up INR 1354 TXN0e541fea,entertainment
RedBus ticket INR 19142 TXNd1dca244,travel
McDonalds meal INR 16315 TXN1c9c3877,food
Event ticket INR 42283 TXN60ddf76d,entertainment
BigBasket grocery INR 34858 TXNf9fe9b8d,food
Physiotherapy session INR 47751 TXN5ca6368f,healthcare
Mobile phone EMI INR 32356 TXN546c7d24,emi
Training program fee INR 11240 TXN5c2cac8e,education
Airtel postpaid payment INR 17001 TXN89fba6e8,utilities
Ola cab INR 47584 TXNda94af93,travel
Diesel purchase INR 5419 TXN71c7e4a6,travel
Dunzo food INR 8055 TXNfd13af05,food
Diesel purchase INR 42886 TXN2e2133bb,travel
Medical test charges INR 11883 TXN61cae0aa,healthcare
Housing loan payment INR 28879 TXN005a8691,emi
Gaming top up INR 38088 TXNfe4e31c5,entertainment
Netflix subscription INR 11841 TXN500168a5,entertainment
Meesho order INR 22519 TXNf726bb4b,shopping
Broadband payment INR 30277 TXNd45986b1,utilities
NPS contribution INR 16165 TXN6887831b,investment
Cafe coffee INR 36260 TXN224ecde3,food
Clothing store bill INR 44903 TXN11fad4be,shopping
Canteen payment INR 30374 TXN9fb0e939,food
Vaccination fee INR 44106 TXN1f696dcf,healthcare
Event ticket INR 16796 TXN4ec4d275,entertainment
Tata Cliq purchase INR 29086 TXNdebac89c,shopping
Tea stall INR 22445 TXNf7321d1c,food
Municipal tax payment INR 6489 TXNdfa2b7b8,utilities
ACT Fibernet bill INR 48230 TXN06cf37ec,utilities
Surgery payment INR 38301 TXNec245509,healthcare
Eye checkup INR 20681 TXN6c660e29,healthcare
Exam fee INR 14975 TXN1103354d,education
Meesho order INR 20622 TXNbea3945a,shopping
Flight ticket booking INR 15485 TXN74599453,travel
Monthly EMI debit INR 2101 TXN8509eeec,emi
ACT Fibernet bill INR 18787 TXN769082d7,utilities
Home loan EMI INR 21602 TXN39531433,emi
IKEA furniture INR 39359 TXN0c81729d,shopping
Stock purchase INR 15549 TXN0d690741,investment
Decathlon sports INR 14657 TXN85d77982,shopping
Cosmetics purchase INR 48847 TXN558e401d,shopping
IKEA furniture INR 2877 TXN2928e22e,shopping
RedBus ticket INR 16318 TXNa5a0fa6c,travel
Steam games purchase INR 34499 TXNdbbc6e12,entertainment
Mutual fund SIP INR 24105 TXNd8f6651e,investment
Society maintenance INR 42140 TXNcdebe976,utilities
Housing loan payment INR 7207 TXN8fe4f86b,emi
Licious meat order INR 29119 TXN11914a85,food
Toll plaza payment INR 16459 TXN1aa0abc6,travel
Certification exam fee INR 46352 TXN9a34f0c2,education
PPF contribution INR 3802 TXNa05b440a,investment
Fruit vendor INR 40317 TXN882f2ab9,food
MedPlus store INR 22276 TXNedb7eb66,healthcare
Apollo pharmacy INR 35908 TXNf662fd1d,healthcare
Semester fee INR 6246 TXNc27a6911,education
MakeMyTrip booking INR 5092 TXN499da86b,travel
Shoppers Stop INR 46104 TXNeb6d1a0b,shopping
YouTube Premium INR 27388 TXN2ea0c7f9,entertainment
Metro card recharge INR 47366 TXNb54c1daa,travel
Study material purchase INR 5747 TXNf6511bf2,education
Vi prepaid recharge INR 8837 TXN89b5d723,utilities
Clothing store bill INR 19631 TXN3830dc65,shopping
OTT subscription INR 4272 TXNad442a33,entertainment
BookMyShow tickets INR 21394 TXN313363e1,entertainment
Housing loan payment INR 18032 TXN1385695a,emi
Lab test diagnostic INR 19969 TXNbf105a50,healthcare
Unacademy plan INR 44684 TXN239a211b,education
BSNL landline INR 45369 TXNb98fb50c,utilities
Pharmacy medicine purchase INR 32246 TXNc2dac023,healthcare
INOX movies INR 48875 TXNc5e86057,entertainment
Stock purchase INR 7835 TXN68cb5ce8,investment
Yatra travel booking INR 14617 TXN2d5aa94d,travel
ELSS investment INR 24679 TXN2616717a,investment
Society maintenance INR 29544 TXN63607bb4,utilities
Rapido bike ride INR 27334 TXN642833d2,travel
Toll plaza payment INR 6026 TXNb0723a0b,travel
JioCinema plan INR 24676 TXN16e68bc2,entertainment
ACT Fibernet bill INR 46194 TXNc87d0f86,utilities
Diesel purchase INR 300 TXN64a93024,travel
Diesel purchase INR 10595 TXNb8e19970,travel
Movie ticket booking INR 4644 TXN80fd79e5,entertainment
Licious meat order INR 4215 TXN7c818f0c,food
Amazon Prime subscription INR 18933 TXNc0572eb4,entertainment
Certification exam fee INR 18622 TXN2acb94f1,education
Swiggy order INR 24857 TXN14ae531a,food
DTH recharge INR 27223 TXN658a034c,utilities
Pharmacy medicine purchase INR 18591 TXNe4de862b,healthcare
Jewellery purchase INR 36957 TXN735caed7,shopping
Gym membership INR 40319 TXN487faf0f,healthcare
Uber ride INR 42927 TXNa4012456,travel
Sweet shop INR 17579 TXN720fd6fe,food
Eye checkup INR 19811 TXN186be883,healthcare
INOX movies INR 32913 TXN81ba849c,entertainment
Spotify premium INR 9427 TXNa86f9027,entertainment
Car loan EMI INR 45693 TXNf7aedf13,emi
Maintenance charges INR 11393 TXNa1e97978,utilities
Online shopping payment INR 46539 TXNa66547ad,shopping
Water bill INR 31854 TXNb8879857,utilities
Pizza delivery INR 8291 TXN2784d638,food
Bakery purchase INR 5617 TXNe2c01769,food
IndiGo flight INR 6512 TXNcbc5350d,travel
Game purchase INR 11808 TXNeb94bc72,entertainment
Online course subscription INR 43243 TXN296f3d4a,education
Indian Oil fuel INR 6761 TXNba3d04d1,travel
Goibibo hotel INR 42716 TXNf25f35ff,travel
Recurring deposit INR 44608 TXNf7b4943e,investment
Bakery purchase INR 4773 TXN6b671566,food
Theme park ticket INR 29145 TXN36f6decf,entertainment
Supermarket purchase INR 37224 TXN02757125,food
Barbeque Nation INR 18806 TXNc3c334cc,food
Clinic visit INR 38433 TXNe5f34342,healthcare
Study material purchase INR 23249 TXNc846fed4,education
University fee INR 23353 TXNf20fa9fa,education
PVR cinemas INR 29858 TXN72b2dab0,entertainment
Monthly EMI debit INR 32513 TXN06736a8a,emi
Gas bill payment INR 907 TXNe37e1c08,utilities
Gift shop INR 49239 TXNf0c173dd,shopping
Restaurant bill INR 4246 TXN59331a3e,food
Burger King INR 5821 TXN55f68fa8,food
Rapido bike ride INR 3749 TXN2f3e99cd,travel
Stationery purchase INR 49560 TXN70643056,shopping
Sovereign gold bond INR 322 TXNe6025dd9,investment
Sweet shop INR 36987 TXN0d1fc439,food
Gift shop INR 4536 TXN24a94930,shopping
Consumer durable EMI INR 24502 TXN2894c660,emi
Dominos pizza INR 18648 TXN8a5dca33,food
Bakery purchase INR 3026 TXN3f03fcc4,food
Coaching class fee INR 1965 TXN2eec347e,education
Gold loan EMI INR 38199 TXN0f1020c9,emi
Home loan EMI INR 36812 TXN49ed1e6c,emi
Nykaa beauty INR 45674 TXNbfd1e797,shopping
Bowling alley INR 30591 TXN3a745d8f,entertainment
Vi prepaid recharge INR 29082 TXNbdab2320,utilities
Tata Power bill INR 40162 TXNf66ce9a2,utilities
SIP installment INR 30108 TXNe75ca4bf,investment
Lab test diagnostic INR 44118 TXN26b183c7,healthcare
Biryani order INR 46288 TXN79e032f9,food
Eye checkup INR 13493 TXNe9975cac,healthcare
Starbucks coffee INR 20117 TXNa585f857,food
Theme park ticket INR 26305 TXNbfbe2533,entertainment
Decathlon sports INR 10903 TXN384229da,shopping
Home loan EMI INR 12234 TXN51a5c150,emi
University fee INR 26526 TXN316492bc,education
Lunch at hotel INR 15464 TXN6f9901a9,food
Personal loan installment INR 687 TXN9f9731d9,emi
Nykaa beauty INR 26280 TXNf46dcac1,shopping
Online course subscription INR 19543 TXN6dd62966,education
Biryani order INR 9120 TXNd075eb81,food
Hospital bill INR 26307 TXN34913bca,healthcare
Food court payment INR 38099 TXNf416b598,food
Doctor consultation INR 25089 TXN2d9f4a66,healthcare
Fixed deposit investment INR 7937 TXN0fed371f,investment
Hotstar subscription INR 43755 TXN29e7bbe2,entertainment
Housing loan payment INR 42847 TXNc9195427,emi
Index fund purchase INR 378 TXN2be30082,investment
LPG cylinder booking INR 30237 TXNe85c6bd4,utilities
Tata Cliq purchase INR 36527 TXN42d07e0e,shopping
Library fee INR 29539 TXNd02d4b7a,education
YouTube Premium INR 23719 TXN6e548e8c,entertainment
PlayStation store INR 46235 TXN4b1767ba,entertainment
Internet recharge INR 3281 TXN8466bc73,utilities
Mobile recharge INR 18693 TXN98f443d0,utilities
Physiotherapy session INR 24777 TXN7b9c8777,healthcare
Blinkit delivery INR 17099 TXN635c6cd4,food
Dominos pizza INR 49079 TXNe9480469,food
Netflix subscription INR 34868 TXNaf6ed541,entertainment
Doctor consultation INR 6294 TXN80e759ac,healthcare
Dominos pizza INR 19731 TXN8a5b83a6,food
Bharat Petroleum fuel INR 26451 TXN84e5f50c,travel
Mall purchase INR 24312 TXN87f9c62d,shopping
Cult Fit subscription INR 29011 TXN096100d6,healthcare
Hotstar subscription INR 48448 TXN88a4efcf,entertainment
Supermarket purchase INR 35581 TXN442bb253,food
Indian Oil fuel INR 19228 TXN44dfa1fc,travel
Sovereign gold bond INR 21179 TXN316a90be,investment
BookMyShow tickets INR 27458 TXN25e9ca92,entertainment
Swiggy order INR 2132 TXN03803a83,food
DTH recharge INR 11560 TXN3de77022,utilities
Coursera subscription INR 29147 TXN00cce531,education
Broadband payment INR 38896 TXNab7553cc,utilities
Sovereign gold bond INR 46582 TXNc8acda48,investment
Haldiram sweets INR 28275 TXN289c21d9,food
Meesho order INR 37447 TXNfbae8e60,shopping
Milk dairy payment INR 9729 TXN3239ca2c,food
Gift shop INR 36786 TXN63bad31a,shopping
Mutual fund SIP INR 630 TXN17182172,investment
Reliance Digital INR 39407 TXN95e69b36,shopping
Electricity bill payment INR 876 TXN1c3c7b07,utilities
Bakery purchase INR 7913 TXN0b26b8dc,food
Event ticket INR 26813 TXN4975f56a,entertainment
Mobile phone EMI INR 48848 TXNa2b874af,emi
Exam fee INR 30769 TXNb7c53cb3,education
Cafe coffee INR 3379 TXN1640ca4b,food
Tuition fees payment INR 39297 TXN7fbce941,education
Car rental INR 8395 TXN20b9dc92,travel
NPS contribution INR 5054 TXNcdfc227c,investment
School fees INR 12663 TXN0ff228c3,education
Personal loan installment INR 29883 TXN2075241a,emi
Amazon Prime subscription INR 17116 TXN53baf27f,entertainment
Zomato dinner INR 41993 TXNb35c0dc6,food
RedBus ticket INR 37002 TXN3f2c0bf3,travel
ELSS investment INR 44781 TXN0f0cb821,investment
Online shopping payment INR 10726 TXNdc3333a8,shopping
Maintenance charges INR 20008 TXNeebef998,utilities
Byjus subscription INR 15932 TXN7e5b0a29,education
Ajio clothing INR 19783 TXN6189b6e8,shopping
Gold loan EMI INR 4766 TXN5afb833d,emi
Car rental INR 20989 TXN2e1bae74,travel
Postpaid bill payment INR 26182 TXN77fe3a64,utilities
Certification exam fee INR 25957 TXN0d5d43a2,education
Clothing store bill INR 19723 TXNdde2124c,shopping
Cab fare payment INR 27533 TXN33e5d91a,travel
Railway reservation INR 14429 TXN9f6ef235,travel
Pantaloons purchase INR 35418 TXN7c53cb47,shopping
Cosmetics purchase INR 36890 TXNd01234d1,shopping
Hospital bill INR 8575 TXNdac57b4a,healthcare
Credit card EMI INR 7205 TXNaaf30041,emi
Tata Power bill INR 47409 TXN829e8650,utilities
Two wheeler loan payment INR 48832 TXN1e614a8e,emi
Flipkart order INR 19911 TXN4ddaf34b,shopping
Udemy course purchase INR 24215 TXN11c57487,education
PlayStation store INR 27843 TXN331f112c,entertainment
Lunch at hotel INR 20783 TXNe3b36a45,food
Jewellery purchase INR 16946 TXN1afa35f8,shopping
Broadband payment INR 5197 TXNfc72de77,utilities
Dominos pizza INR 25294 TXNe3068caf,food
Starbucks coffee INR 31736 TXN7d953e47,food
Unacademy plan INR 19856 TXN88e9bced,education
Vi prepaid recharge INR 8913 TXN6eca9218,utilities
YouTube Premium INR 45791 TXNb19d0857,entertainment
Dental clinic charges INR 43631 TXN3c8c26ee,healthcare
Library fee INR 25040 TXN3683197e,education
Gaming top up INR 9877 TXN33d786a0,entertainment
YouTube Premium INR 37750 TXN04927b50,entertainment
Sweet shop INR 20976 TXNbdf25857,food
Restaurant bill INR 21704 TXN13a32e97,food
Gas bill payment INR 37471 TXNa679903b,utilities
Petrol pump HP INR 12223 TXN78ee2242,travel
Lab test diagnostic INR 33582 TXN88c20c93,healthcare
Sewage charges INR 37592 TXN0fc9418d,utilities
Electronics shopping INR 5819 TXN2666708b,shopping
Sewage charges INR 19003 TXN2b94c4a9,utilities
Crypto investment INR 3389 TXN68bf3606,investment
Fixed deposit investment INR 28631 TXN16e809b2,investment
Rapido bike ride INR 11527 TXNa67ffac5,travel
Auto rickshaw INR 6974 TXN2768f344,travel
Index fund purchase INR 11887 TXN175d6701,investment
Concert ticket INR 41378 TXNb7e7300f,entertainment
Online shopping payment INR 24190 TXNd8a10592,shopping
PPF contribution INR 4964 TXN2c6c6422,investment
BookMyShow tickets INR 38394 TXN7e2e762b,entertainment
Bharat Petroleum fuel INR 13933 TXN75482dce,travel
Gym membership INR 48379 TXN3bfe351a,healthcare
Concert ticket INR 15679 TXN71848d7f,entertainment
Shoppers Stop INR 2532 TXN10c89346,shopping
Vehicle loan EMI INR 38796 TXN09c8c895,emi
Flipkart order INR 38236 TXNcfe91485,shopping
Amazon purchase INR 46862 TXN0989f2f7,shopping
Restaurant bill INR 18304 TXN7d1cd1a8,food
Vehicle loan EMI INR 2799 TXN83fff0dd,emi
SpiceJet airlines INR 1080 TXN08084f0d,travel
Yatra travel booking INR 1478 TXNf3ac1dc1,travel
Water bill INR 6358 TXN81d2d371,utilities
Dental clinic charges INR 30008 TXNfcfc9d18,healthcare
Steam games purchase INR 22352 TXNe238dc8b,entertainment
Milk dairy payment INR 5825 TXN61661db3,food
Parking fee INR 8368 TXNbdb1e568,travel
Zomato dinner INR 43970 TXN4ea92b26,food
Training program fee INR 38639 TXNd78bd89e,education
Airtel postpaid payment INR 22969 TXN9f720d35,utilities
Sweet shop INR 19542 TXN7b26752d,food
BigBasket grocery INR 1650 TXN0f9c7e9b,food
Gas bill payment INR 6872 TXN22652f75,utilities
Housing loan payment INR 40048 TXN8f74c473,emi
FASTag recharge INR 6634 TXN21b56c3a,travel
Semester fee INR 38370 TXN8dac3a1d,education
Haldiram sweets INR 35506 TXN01aefb61,food
Coaching class fee INR 8117 TXNaea7c539,education
Udemy course purchase INR 46521 TXNe5b7183f,education
Gold loan EMI INR 32873 TXN59821661,emi
Haldiram sweets INR 41583 TXNb1240505,food
ELSS investment INR 44652 TXN25df5a84,investment
Apollo pharmacy INR 22446 TXNfaabe8a1,healthcare
Concert ticket INR 44734 TXN40fa5d5d,entertainment
Sovereign gold bond INR 5212 TXN90bfac2a,investment
Uber ride INR 40894 TXNa1f6c5fc,travel
Business loan installment INR 47454 TXN008a64df,emi
Bike loan EMI INR 43386 TXN74c71cb5,emi
ELSS investment INR 20336 TXN8fc115e2,investment
Credit card EMI INR 6671 TXN4eb663db,emi
Pharmacy medicine purchase INR 28422 TXN2102ddbe,healthcare
Recurring deposit INR 17864 TXNf8f23932,investment
Clothing store bill INR 26077 TXN90ffd894,shopping
Supermarket purchase INR 17108 TXNb39bf321,food
Study material purchase INR 3812 TXN14ec0fae,education
Ajio clothing INR 16820 TXNa7f40ddd,shopping
BookMyShow tickets INR 47892 TXN6d363efe,entertainment
Shoppers Stop INR 19381 TXNf2aecb5f,shopping
Sweet shop INR 40558 TXNa7a4f7ca,food
Semester fee INR 49403 TXN0f8586f0,education
Pizza delivery INR 49259 TXN4a167fe4,food
Subway sandwich INR 19177 TXN84df386e,food
Supermarket purchase INR 11365 TXNe71ad551,food
College fees payment INR 38321 TXNa3e73366,education
Hotel booking INR 8697 TXN8707cb6d,travel
IKEA furniture INR 7165 TXN08ead92e,shopping
Cult Fit subscription INR 22384 TXNdd831971,healthcare
Zepto groceries INR 2083 TXNf3022a93,food
Diesel purchase INR 47889 TXN8a416870,travel
Grofers online INR 49220 TXN6e044182,food
YouTube Premium INR 12059 TXNc9255dc4,entertainment
University fee INR 8628 TXN5cd0e4a9,education
Demat account funding INR 34336 TXNf5e75826,investment
Mutual fund SIP INR 32049 TXN007415b6,investment
Airtel postpaid payment INR 16791 TXN24c90a06,utilities
Hotel booking INR 48927 TXN316b80ef,travel
Snapdeal buy INR 33755 TXNc70e38f2,shopping
McDonalds meal INR 31782 TXN49c9fd45,food
Flipkart order INR 21078 TXN46a33dbc,shopping
Milk dairy payment INR 32432 TXN799aeaf5,food
PVR cinemas INR 382 TXN60fb866c,entertainment
Yatra travel booking INR 7908 TXN1c4b93d2,travel
Zerodha stock buy INR 1407 TXN10de2c4f,investment
INOX movies INR 7322 TXN6705ab8c,entertainment
Cosmetics purchase INR 688 TXN27fd8bc4,shopping
Cafe Coffee Day INR 17910 TXNd4d7cb51,food
Bond purchase INR 30514 TXN121f6661,investment
Gaming top up INR 38344 TXNbcbe3134,entertainment
Health insurance premium INR 8279 TXN461a3f5f,healthcare
Food court payment INR 18342 TXN58ad50e4,food
Business loan installment INR 33981 TXNe860b17e,emi
Chinese takeaway INR 27788 TXN14406c71,food
Two wheeler loan payment INR 34581 TXN2e559f43,emi
College fees payment INR 30540 TXN85765740,education
Biryani order INR 22960 TXNe6656135,food
Fruit vendor INR 5700 TXN16b76692,food
Gold bond purchase INR 22424 TXN7249f0ba,investment
MedPlus store INR 22183 TXN69134550,healthcare
Workshop registration INR 23126 TXN98ba002d,education
Nykaa beauty INR 11224 TXN5ef4b551,shopping
Physiotherapy session INR 32990 TXNe1e20c3b,healthcare
Croma electronics INR 16340 TXN7aa2de90,shopping
Air India ticket INR 44223 TXN6f2e8394,travel
Society maintenance INR 8409 TXNd0ef08f1,utilities
Electricity bill payment INR 36067 TXN84a3ed31,utilities
Bowling alley INR 38784 TXNf95f500d,entertainment
Equity investment INR 6077 TXN584b7863,investment
Theme park ticket INR 42244 TXNf5aff827,entertainment
Movie ticket booking INR 28032 TXNbac4c406,entertainment
Decathlon sports INR 14390 TXNc343a8c6,shopping
PPF contribution INR 19472 TXNb820302e,investment
BigBasket grocery INR 31808 TXNa4144582,food
Jio fiber broadband INR 41025 TXN4ff4046f,utilities
Workshop registration INR 27554 TXNd5c6f348,education
Swiggy order INR 41955 TXN1b321b89,food
Cosmetics purchase INR 23747 TXN94837957,shopping
LPG cylinder booking INR 49302 TXN4db41e5d,utilities
Canteen payment INR 32907 TXN201e5b82,food
Tea stall INR 43443 TXN69f46cda,food
Subway sandwich INR 218 TXN449f7285,food
Steam games purchase INR 5201 TXN6c107630,entertainment
JioCinema plan INR 29162 TXNb672beb6,entertainment
Swiggy order INR 38668 TXN4dc2643c,food
Grocery store bill INR 20136 TXN7b277be9,food
Gold loan EMI INR 19048 TXNe4b1df19,emi
PVR cinemas INR 19434 TXN3f0a2799,entertainment
Indian Oil fuel INR 17606 TXNcd5d0b8f,travel
Movie ticket booking INR 37493 TXNbc07a006,entertainment
Ajio clothing INR 46150 TXN628eb730,shopping
Internet recharge INR 2499 TXNb910c5d6,utilities
Zerodha stock buy INR 38274 TXN1b6ada8d,investment
Pharmacy medicine purchase INR 2400 TXN7271e77f,healthcare
Tuition fees payment INR 20888 TXNfa10e78b,education
School fees INR 18954 TXNc3b530ef,education
Indian Oil fuel INR 9174 TXNcdc9892f,travel
Flight ticket booking INR 21553 TXNd7ab7e70,travel
Monthly EMI debit INR 1445 TXN7046d149,emi
Laptop EMI payment INR 38355 TXN960d211e,emi
Netflix subscription INR 12158 TXNeb47eae4,entertainment
Bowling alley INR 2120 TXNfe17d702,entertainment
Goibibo hotel INR 27647 TXN4c5fb797,travel
PVR cinemas INR 41161 TXN1e5064f8,entertainment
Clothing store bill INR 37539 TXNd5baa7f5,shopping
Cab fare payment INR 3063 TXN762ed8eb,travel
Two wheeler loan payment INR 18941 TXN1473d170,emi
Steam games purchase INR 43289 TXN80141acc,entertainment
Petrol pump HP INR 26863 TXNa6d710c4,travel
Uber ride INR 33834 TXN2e569d98,travel
Pizza delivery INR 10637 TXN8c8050ee,food
Diesel purchase INR 24365 TXNe5747340,travel
Rapido bike ride INR 15575 TXN42a340fe,travel
Amazon purchase INR 39047 TXN4ee16654,shopping
Hotstar subscription INR 36157 TXN10935593,entertainment
Pharmacy medicine purchase INR 46552 TXNb049465f,healthcare
Jewellery purchase INR 687 TXNb446b582,shopping
Equity investment INR 26907 TXN4daf5025,investment
Gold bond purchase INR 44266 TXN16b1c296,investment
Consumer durable EMI INR 33998 TXN700da514,emi
Bowling alley INR 43265 TXNd4b72b71,entertainment
Jio fiber broadband INR 1981 TXNff3562b8,utilities
Haldiram sweets INR 32511 TXNf2f51d1e,food
Bus ticket INR 12650 TXNf44ffcbb,travel
Uber ride INR 5951 TXNf8f3507e,travel
Music streaming INR 32999 TXNca24f3af,entertainment
Textbook purchase INR 39567 TXN8f47c95a,education
Byjus subscription INR 49782 TXNe4882644,education
Hostel fees INR 39814 TXN7bc5ff7a,education
Tea stall INR 48457 TXNe05c262d,food
Fruit vendor INR 8506 TXN6e01225b,food
Snapdeal buy INR 20881 TXN8f8c2865,shopping
Ambulance charges INR 47568 TXN8469f5a5,healthcare
Zomato dinner INR 9115 TXN8101ac61,food
Furniture order INR 11505 TXN71850a61,shopping
Internet recharge INR 2748 TXN595b2aff,utilities
Grocery store bill INR 2920 TXNce546d70,food
Milk dairy payment INR 42002 TXN6105c9de,food
Airport taxi INR 40297 TXN32bed509,travel
1mg medicine order INR 41364 TXNd6679bf0,healthcare
Footwear shop INR 68 TXNf146a630,shopping
Furniture order INR 32316 TXNee942c86,shopping
MakeMyTrip booking INR 17729 TXN11688118,travel
MedPlus store INR 31696 TXN23916f43,healthcare
Coaching class fee INR 28686 TXNc3111beb,education
Bus ticket INR 9059 TXN08e6ee73,travel
OTT subscription INR 29752 TXNa8ea827a,entertainment
PharmEasy medicines INR 19414 TXN98e8867b,healthcare
PVR cinemas INR 13625 TXNc1eb0fae,entertainment
Grocery store bill INR 42445 TXN35cd515e,food
DTH recharge INR 40894 TXN5298a729,utilities
Electronics shopping INR 12799 TXN8d640d23,shopping
Consumer durable EMI INR 472 TXNc9312e83,emi
SIP installment INR 45708 TXN6e9d8e3b,investment
Petrol pump HP INR 22851 TXN572ace9a,travel
FASTag recharge INR 16313 TXN899cbda4,travel
Pantaloons purchase INR 39805 TXN14de3bab,shopping
Licious meat order INR 1023 TXN5c904261,food
Two wheeler loan payment INR 23135 TXNa0454dac,emi
Zomato dinner INR 17409 TXN2b8b695f,food
Health insurance premium INR 38456 TXN388f4581,healthcare
Tuition fees payment INR 40666 TXN12736a3b,education
SIP installment INR 8289 TXNaa90b3bc,investment
Milk dairy payment INR 41155 TXN577ac951,food
Stationery purchase INR 40557 TXN2ae434a2,shopping
Internet recharge INR 49388 TXN98346219,utilities
Supermarket purchase INR 2090 TXN29c01c56,food
Gift shop INR 3302 TXNf0f42701,shopping
Shoppers Stop INR 41351 TXN65610b1b,shopping
Tuition fees payment INR 29130 TXNb54ac8fa,education
Clinic visit INR 26284 TXN2f510143,healthcare
Pantaloons purchase INR 33500 TXN1503ffac,shopping
Ola cab INR 48273 TXNbb88f76f,travel
Practo consultation INR 34538 TXN68cd9afb,healthcare
Licious meat order INR 39200 TXN8791bdac,food
Mobile recharge INR 17416 TXN593c16eb,utilities
Exam fee INR 44846 TXNd392db84,education
Medical test charges INR 25882 TXN5e1507b7,healthcare
Grofers online INR 40795 TXN9a0ed42b,food
Myntra fashion order INR 972 TXNec800b3e,shopping
KFC order INR 43331 TXN13826b70,food
Semester fee INR 35276 TXN2d088c78,education
Barbeque Nation INR 44670 TXNdaea479b,food
KFC order INR 28738 TXN106541fd,food
Tata Power bill INR 9526 TXN2b64c7a1,utilities
Gas bill payment INR 11774 TXN88bc9ab6,utilities
PlayStation store INR 39489 TXN3e251dff,entertainment
Business loan installment INR 17289 TXNa063e03d,emi
Unacademy plan INR 11086 TXNd01b8ab2,education
Education loan installment INR 34559 TXN75eb7666,emi
Auto rickshaw INR 15219 TXNe8b5f112,travel
Electricity bill payment INR 6207 TXN8f7a45a0,utilities
ACT Fibernet bill INR 2162 TXN6fef3a33,utilities
Cult Fit subscription INR 40505 TXNc39a06ce,healthcare
Education loan installment INR 11407 TXN9a59a328,emi
Train ticket IRCTC INR 47144 TXN2bc9c2de,travel
Stock purchase INR 43059 TXNd2565d33,investment
Swiggy order INR 19015 TXNfdd67d25,food
PlayStation store INR 33092 TXNd7b2a1df,entertainment
Sewage charges INR 47903 TXNbffc71e1,utilities
DTH recharge INR 46487 TXN4317cb39,utilities
Yatra travel booking INR 30261 TXN0e6b7665,travel
Food court payment INR 10699 TXNfce0b5ec,food
Tea stall INR 40992 TXNc276a374,food
Upstox trading INR 30222 TXN2dfe3d02,investment
Fixed deposit investment INR 16599 TXNecd855a1,investment
Ambulance charges INR 38398 TXNd42811bd,healthcare
Credit card EMI INR 45956 TXN9bdb2a25,emi
Crypto investment INR 3466 TXNa5449647,investment
Zepto groceries INR 5417 TXN7b0f31f0,food
IndiGo flight INR 15734 TXN8c685487,travel
DTH recharge INR 20220 TXN48c1569f,utilities
Internet recharge INR 7949 TXNd3a90c64,utilities
Furniture order INR 49213 TXN90c7886a,shopping
Movie ticket booking INR 3986 TXN4d21f36a,entertainment
Reliance Digital INR 38396 TXN78e29b26,shopping
Canteen payment INR 30310 TXN70d1dd98,food
Amazon Prime subscription INR 34794 TXNd742c247,entertainment
MakeMyTrip booking INR 28351 TXN296c4314,travel
Society maintenance INR 18544 TXNd3b65668,utilities
Online course subscription INR 30128 TXN40216c8e,education
Train ticket IRCTC INR 19020 TXNe091f4f8,travel
Grocery store bill INR 28554 TXN4ff1a5ca,food
Byjus subscription INR 49305 TXNb87bbaeb,education
OTT subscription INR 48691 TXNf4acdeeb,entertainment
Bond purchase INR 22491 TXNf7b74027,investment
Online course subscription INR 26976 TXN6f26b6e3,education
Canteen payment INR 16286 TXNbf895e6c,food
Airport taxi INR 19826 TXN5fb6a75b,travel
Auto rickshaw INR 35540 TXN5def0adb,travel
BookMyShow tickets INR 36275 TXNd1d7f9d4,entertainment
Cafe Coffee Day INR 25908 TXN087aa9df,food
DTH recharge INR 5795 TXN7bef4958,utilities
Cosmetics purchase INR 6595 TXNbc8d3cb7,shopping
Groww mutual fund INR 7416 TXN7f3f4155,investment
College fees payment INR 10352 TXNe5821759,education
Udemy course purchase INR 19179 TXNa1bee6c1,education
Croma electronics INR 39647 TXNfae8a75d,shopping
Lunch at hotel INR 43426 TXNb24f98b0,food
Municipal tax payment INR 28958 TXNa421f818,utilities
Rapido bike ride INR 29307 TXN9b0b633d,travel
Mall purchase INR 25034 TXN5ced964c,shopping
Cafe Coffee Day INR 4984 TXN2fdbffc5,food
ACT Fibernet bill INR 11654 TXNefd75736,utilities
Electronics shopping INR 26866 TXNfef2d215,shopping
Croma electronics INR 10334 TXN8772c554,shopping
Textbook purchase INR 673 TXN0c09f180,education
Pizza delivery INR 47886 TXNbb6a5e73,food
Ajio clothing INR 40531 TXN11133483,shopping
Air India ticket INR 15107 TXN3de701ee,travel
Water bill INR 39285 TXNe8124450,utilities
Jio fiber broadband INR 17830 TXNae514e6f,utilities
Bharat Petroleum fuel INR 48069 TXN1fabdc6f,travel
Car loan EMI INR 35279 TXNfed4c1f1,emi
Stock purchase INR 28161 TXN3283cdf3,investment
BSNL landline INR 21206 TXN5616842b,utilities
Meesho order INR 46606 TXNaf8b5157,shopping
Mutual fund SIP INR 25846 TXN34ead079,investment
Subway sandwich INR 26970 TXN0bbc6adf,food
Lifestyle store INR 48640 TXNe56a823d,shopping
Toll plaza payment INR 19661 TXN2cc2f280,travel
Coaching class fee INR 39416 TXN15ebbacf,education
Furniture order INR 5193 TXNaa9c8079,shopping
Laptop EMI payment INR 31272 TXN53cec1eb,emi
Mutual fund SIP INR 16418 TXNddd4740a,investment
Metro card recharge INR 30397 TXNc985016f,travel
Semester fee INR 45611 TXN28c12328,education
Bus ticket INR 16856 TXNb3d4841b,travel
Footwear shop INR 45732 TXNa06acd79,shopping
Petrol pump HP INR 29606 TXN9df7368a,travel
Parking fee INR 880 TXNbb2f8cb2,travel
Restaurant bill INR 1017 TXNfed27360,food
Gas bill payment INR 27309 TXNdc098bd1,utilities
Health insurance premium INR 1944 TXN63e4fa38,healthcare
Railway reservation INR 31443 TXN0423e8ac,travel
Auto rickshaw INR 6862 TXN3f6ff240,travel
Postpaid bill payment INR 5581 TXNf9ddc66a,utilities
Demat account funding INR 30824 TXNf5c7eac6,investment
Ambulance charges INR 11019 TXN0e79d65a,healthcare
Maintenance charges INR 29227 TXN2f11dc67,utilities
Haldiram sweets INR 1055 TXNb6a27f5b,food
Hostel fees INR 41866 TXNfd050c57,education
Eye checkup INR 41443 TXNfcef6ebd,healthcare
Vi prepaid recharge INR 47199 TXN15ebce66,utilities
Index fund purchase INR 9472 TXNaa917914,investment
Medical test charges INR 11079 TXNbd9a3f0c,healthcare
Tata Cliq purchase INR 39167 TXN0e9a795c,shopping
Laptop EMI payment INR 25221 TXNc6191d1c,emi
Water bill INR 42297 TXNcc73b52e,utilities
Training program fee INR 44875 TXN81a554d3,education
KFC order INR 38619 TXNf499bf33,food
Burger King INR 43967 TXN1267a6c0,food
Petrol pump HP INR 12965 TXN74d8a999,travel
Textbook purchase INR 49196 TXN2c4e6a9d,education
Reliance Digital INR 14178 TXN7cb16ed9,shopping
INOX movies INR 5092 TXN14b7d8a4,entertainment
Myntra fashion order INR 39133 TXN86a2f7c2,shopping
Grofers online INR 20531 TXNa52e1d11,food
Petrol pump HP INR 20574 TXN142b8626,travel
Cafe coffee INR 36204 TXNb81fb205,food
College fees payment INR 34056 TXN755bb746,education
Loan repayment INR 5055 TXN487b5e3b,emi
Coursera subscription INR 13993 TXN71da5134,education
IndiGo flight INR 29527 TXNd1b34a9d,travel
Lunch at hotel INR 24886 TXN06ec4bbc,food
Parking fee INR 3844 TXN3e190aa2,travel
Textbook purchase INR 10937 TXN1111037c,education
PharmEasy medicines INR 40468 TXN5ab64201,healthcare
Dominos pizza INR 48352 TXNa51a55db,food
Laptop EMI payment INR 9227 TXN4c46ea67,emi
Surgery payment INR 13239 TXNc5abf959,healthcare
Electricity bill payment INR 41528 TXN60c963f9,utilities
Barbeque Nation INR 19849 TXN367399f4,food
Personal loan installment INR 19098 TXNd82214b7,emi
Lab test diagnostic INR 46885 TXNea8954cb,healthcare
Certification exam fee INR 47023 TXN3bcb0d27,education
NPS contribution INR 23158 TXN56b6c5ca,investment
MakeMyTrip booking INR 39083 TXN6c04f75f,travel
Doctor consultation INR 26332 TXN992f2908,healthcare
MedPlus store INR 44162 TXNa57f23b1,healthcare
Gym membership INR 37399 TXNdeb4d0fa,healthcare
Upstox trading INR 45648 TXNb60f5ba1,investment
Index fund purchase INR 11759 TXNaad155f9,investment
Electronics shopping INR 11638 TXN5073c92c,shopping
Chinese takeaway INR 1382 TXN67af40c5,food
Gym membership INR 3127 TXN46703190,healthcare
IndiGo flight INR 30394 TXNe8f8233a,travel
Gaming top up INR 5968 TXN6dd3981a,entertainment
Two wheeler loan payment INR 596 TXN7a72f9a4,emi
1mg medicine order INR 35346 TXN3477022b,healthcare
Study material purchase INR 48934 TXN0685faef,education
Unacademy plan INR 24603 TXN22781933,education
Lab test diagnostic INR 9654 TXNbd10e775,healthcare
Online shopping payment INR 44758 TXN0ea904c4,shopping
Train ticket IRCTC INR 28079 TXN81a22534,travel
Housing loan payment INR 34057 TXN4f7f3e4a,emi
BigBasket grocery INR 11576 TXNcb78e127,food
INOX movies INR 45481 TXNcf1e71e4,entertainment
Zepto groceries INR 41156 TXN3b4acc90,food
Tata Power bill INR 47129 TXNb1ba1bbf,utilities
1mg medicine order INR 26243 TXN799ad7b8,healthcare
1mg medicine order INR 27706 TXN984ae19a,healthcare
Sovereign gold bond INR 22010 TXN29686960,investment
Credit card EMI INR 42558 TXN6e332498,emi
Surgery payment INR 44503 TXN23d805fa,healthcare
Home loan EMI INR 20876 TXNd3070417,emi
Myntra fashion order INR 2498 TXN6ac9901d,shopping
Restaurant bill INR 42398 TXN165d3376,food
Event ticket INR 18251 TXNee5bd0f9,entertainment
Restaurant bill INR 31046 TXNc31667ba,food
Vi prepaid recharge INR 35585 TXN2a9a32be,utilities
Postpaid bill payment INR 43248 TXN7c4b7cd5,utilities
Bakery purchase INR 6063 TXNb3655bc9,food
Airport taxi INR 32308 TXN82009075,travel
School fees INR 33304 TXN1b4b3234,education
Tuition fees payment INR 21306 TXNfbafb5ae,education
PPF contribution INR 14324 TXN90e88b4d,investment
Concert ticket INR 2477 TXN55b63a8f,entertainment
Eye checkup INR 33876 TXNc5020cf1,healthcare
Train ticket IRCTC INR 11523 TXN6de0dc2b,travel
Jio fiber broadband INR 46742 TXN03856255,utilities
Grocery store bill INR 48763 TXN7f52b5c4,food
LPG cylinder booking INR 19883 TXN341cce70,utilities
Hotel booking INR 7824 TXN288b3004,travel
Meesho order INR 4115 TXNb4c0d1db,shopping
Recurring deposit INR 15800 TXN4f99c05f,investment
Cab fare payment INR 3501 TXN2cff174d,travel
Dominos pizza INR 42956 TXN57a8cfba,food
Spotify premium INR 9829 TXNaf72a0a4,entertainment
Car rental INR 10709 TXN7c00415e,travel
Exam fee INR 49933 TXNfd3b3398,education
Hospital bill INR 35945 TXNb700aac2,healthcare
Business loan installment INR 2367 TXN516bee72,emi
NPS contribution INR 19813 TXN94e4754e,investment
Blinkit delivery INR 25574 TXNe9bdc605,food
RedBus ticket INR 10151 TXNbc1f768e,travel
Reliance Digital INR 43232 TXN35df48b0,shopping
Bike loan EMI INR 15934 TXNab31f003,emi
Decathlon sports INR 37971 TXN82a5ad86,shopping
Ambulance charges INR 16116 TXN86e707d4,healthcare
Nykaa beauty INR 7451 TXNe71a0d8b,shopping
Cult Fit subscription INR 29308 TXN91005d12,healthcare
University fee INR 44007 TXNacda4a51,education
YouTube Premium INR 23758 TXN99da7b18,entertainment
RedBus ticket INR 45381 TXN60fbc9e1,travel
Railway reservation INR 12315 TXN47299a7e,travel
MedPlus store INR 3133 TXNf54a2d8c,healthcare
BSNL landline INR 18034 TXN563309f8,utilities
Zepto groceries INR 45890 TXN459fbc24,food
Meesho order INR 7027 TXN02a3c244,shopping
Eye checkup INR 47337 TXNbe048eb7,healthcare
Home loan EMI INR 39465 TXN5694adfe,emi
Study material purchase INR 8990 TXN78feb69e,education
Metro card recharge INR 41321 TXN2a609396,travel
Toll plaza payment INR 7953 TXNf6216b15,travel
Lunch at hotel INR 49324 TXNe0991882,food
Coursera subscription INR 43573 TXN22615833,education
PlayStation store INR 22845 TXN5dc981dc,entertainment
Tata Cliq purchase INR 25448 TXN6caf0b3d,shopping
Sewage charges INR 35113 TXNc787b6fc,utilities
NPS contribution INR 31404 TXNd16b252c,investment
Health insurance premium INR 6521 TXN5656d13c,healthcare
Coursera subscription INR 14216 TXN70a8aa1b,education
Dental clinic charges INR 36555 TXN42b8abe7,healthcare
Grofers online INR 20299 TXNe522a1bf,food
Music streaming INR 3749 TXNa3a9e145,entertainment
Croma electronics INR 14659 TXNd5c9b571,shopping
Theme park ticket INR 8057 TXN47a2101a,entertainment
Amazon purchase INR 25419 TXNd68d7e71,shopping
Dunzo food INR 15523 TXNd1a8f563,food
University fee INR 29009 TXNb423bb0b,education
Yatra travel booking INR 29685 TXN8811c10c,travel
Loan repayment INR 24097 TXNc4a84b80,emi
Fruit vendor INR 13221 TXNc37597f2,food
Dunzo food INR 8302 TXNc3d89d3c,food
Shoppers Stop INR 3032 TXNb1e1c41c,shopping
Hotstar subscription INR 35022 TXN4e672750,entertainment
MakeMyTrip booking INR 45224 TXNb8f06d5c,travel
Railway reservation INR 11834 TXN090c4c75,travel
IKEA furniture INR 33908 TXNf990ba41,shopping
Snapdeal buy INR 21082 TXN6c14b08c,shopping
Toll plaza payment INR 28086 TXN3b2a2e4a,travel
1mg medicine order INR 31838 TXN7d939d00,healthcare
Apollo pharmacy INR 30735 TXN6e722ed8,healthcare
Dunzo food INR 27239 TXNad9f4b37,food
Hotel booking INR 30987 TXN06ccfa6f,travel
SIP installment INR 20167 TXN8dba7658,investment
PPF contribution INR 8764 TXN4ca3d805,investment
Bookstore payment INR 39737 TXN39a2c5a7,shopping
Vi prepaid recharge INR 40156 TXN9999301c,utilities
Bond purchase INR 14036 TXN0dfa4a11,investment
Sewage charges INR 35843 TXN900759f1,utilities
Nykaa beauty INR 47483 TXN9fa58b1a,shopping
Training program fee INR 3514 TXNea5ca677,education
Practo consultation INR 32083 TXN08107475,healthcare
Consumer durable EMI INR 6839 TXN7d7016fd,emi
Hostel fees INR 45877 TXNc37ad8a0,education
Stock purchase INR 48670 TXNd611028c,investment
Toll plaza payment INR 42649 TXN253be973,travel
IndiGo flight INR 13931 TXNef1f7393,travel
Clinic visit INR 36390 TXN33241d2a,healthcare
Vehicle loan EMI INR 35468 TXNb9517835,emi
Fruit vendor INR 22726 TXNf8413f4a,food
Amazon Prime subscription INR 44771 TXN8257a41d,entertainment
Airtel postpaid payment INR 22546 TXNb1703838,utilities
Bookstore payment INR 17579 TXN96ecfb87,shopping
Amazon purchase INR 11005 TXNfc26f6fa,shopping
Spotify premium INR 1954 TXN71eb953a,entertainment
SpiceJet airlines INR 48628 TXN24e96256,travel
Broadband payment INR 12066 TXNbace7075,utilities
Game purchase INR 38191 TXN01d9c070,entertainment
Myntra fashion order INR 3211 TXNb66872ba,shopping
Netflix subscription INR 41867 TXN1f196cac,entertainment
Crypto investment INR 3435 TXN44456500,investment
Groww mutual fund INR 31535 TXNced47384,investment
Snapdeal buy INR 42602 TXN0a7e99fa,shopping
Workshop registration INR 19750 TXN0fe48275,education
Fruit vendor INR 20826 TXNa7a5eca2,food
OTT subscription INR 5074 TXNa4c68369,entertainment
Train ticket IRCTC INR 32419 TXNe284c5ba,travel
Netflix subscription INR 42933 TXN97a3ac8a,entertainment
University fee INR 37777 TXN1cd6fa20,education
Stationery purchase INR 19944 TXN08c248b7,shopping
Starbucks coffee INR 49233 TXN7960d23c,food
Pantaloons purchase INR 23609 TXN2be75482,shopping
Swiggy order INR 6748 TXN11d9cb8f,food
Flight ticket booking INR 30906 TXNccdca9c8,travel
Medical test charges INR 48174 TXNec2dc4cb,healthcare
Event ticket INR 48510 TXNafbc384f,entertainment
Library fee INR 23293 TXN56a6c850,education
Mobile recharge INR 20703 TXN8fd6ad53,utilities
Subway sandwich INR 36242 TXN63d1fa2e,food
Coursera subscription INR 27685 TXN00da1f1d,education
Spotify premium INR 23767 TXNdf87a301,entertainment
ELSS investment INR 29019 TXNa2190d6d,investment
Bakery purchase INR 27193 TXN4c164a7a,food
Bharat Petroleum fuel INR 44367 TXN62aa61cc,travel
Gift shop INR 1015 TXN754cf7c5,shopping
Doctor consultation INR 29784 TXNd733fd4b,healthcare
Sweet shop INR 21508 TXNeb32f7e7,food
Ambulance charges INR 45390 TXN2e90028b,healthcare
Bookstore payment INR 11015 TXN20bafb12,shopping
Tea stall INR 49106 TXNc33fce3a,food
Furniture order INR 48247 TXN343dd5c1,shopping
Monthly EMI debit INR 38779 TXN30b9dcec,emi
Ola cab INR 3415 TXN92a9d2a0,travel
Home loan EMI INR 18686 TXN2f088507,emi
Hotel booking INR 25116 TXN7e61fd2d,travel
Udemy course purchase INR 11089 TXN1ca2530a,education
Myntra fashion order INR 20503 TXN2692d44b,shopping
Car loan EMI INR 731 TXN2fdb31bc,emi
Crypto investment INR 28175 TXN3bcb82f9,investment
Air India ticket INR 36980 TXNa2d032dd,travel
Zomato dinner INR 4387 TXN3fe5a6e7,food
Education loan installment INR 1863 TXNe0c12ec9,emi
Loan repayment INR 2915 TXN59ef26aa,emi
Food court payment INR 16403 TXNa58dfbe3,food
Concert ticket INR 35214 TXN29e02a7e,entertainment
Gold bond purchase INR 605 TXNfcf85652,investment
Personal loan installment INR 48206 TXN58a47d45,emi
Amazon Prime subscription INR 11542 TXNdba23052,entertainment
BSNL landline INR 40666 TXNad320520,utilities
Clinic visit INR 7322 TXN5375528c,healthcare
Uber ride INR 3015 TXN693818c4,travel
Yatra travel booking INR 46656 TXN358a4f06,travel
Zerodha stock buy INR 14509 TXN53ad67b6,investment
Practo consultation INR 26829 TXN15481454,healthcare
Music streaming INR 1341 TXN80a68607,entertainment
Semester fee INR 5465 TXN1ae39f7b,education
Barbeque Nation INR 15833 TXN793a7ae7,food
Lifestyle store INR 37199 TXN556033b6,shopping
Food court payment INR 30216 TXN5dd3a641,food
Certification exam fee INR 25727 TXN4de20667,education
Byjus subscription INR 36890 TXN91272308,education
Auto rickshaw INR 45972 TXNd573f2c1,travel
PlayStation store INR 34707 TXN334e8f13,entertainment
Fixed deposit investment INR 3028 TXNf0f3d788,investment
McDonalds meal INR 32220 TXN10475f4d,food
Dental clinic charges INR 48058 TXNd25d13fc,healthcare
JioCinema plan INR 12240 TXNd47d497b,entertainment
Gas bill payment INR 14199 TXNf1b8383a,utilities
Doctor consultation INR 9614 TXN0f3739a1,healthcare
Game purchase INR 38918 TXN214c2523,entertainment
PPF contribution INR 39709 TXNf5fe42e4,investment
Consumer durable EMI INR 36884 TXNb73ad44f,emi
Car rental INR 20904 TXNef39e2b3,travel
Water bill INR 41863 TXN8be95951,utilities
Vehicle loan EMI INR 11485 TXN29010ad9,emi
Railway reservation INR 38322 TXNff1a4de0,travel
McDonalds meal INR 7526 TXNd61a0294,food
Hospital bill INR 47064 TXN6e12416b,healthcare
Hotel booking INR 44188 TXNb663723e,travel
Practo consultation INR 34727 TXN137bf5f9,healthcare
Medical test charges INR 36806 TXN77dd11d2,healthcare
KFC order INR 18931 TXNbb7aecaa,food
Health insurance premium INR 27243 TXN0861f842,healthcare
Flipkart order INR 26377 TXN0e53bee0,shopping
Dunzo food INR 39108 TXN0d2242a0,food
JioCinema plan INR 28075 TXN5545fd1b,entertainment
Zerodha stock buy INR 42488 TXN44eda326,investment
Indian Oil fuel INR 7743 TXNc3c95ba2,travel
Milk dairy payment INR 11068 TXN1a83c5fa,food
Online course subscription INR 32225 TXN79b4e7bb,education
Burger King INR 27132 TXN08977042,food
RedBus ticket INR 28260 TXN113b8b35,travel
Gift shop INR 33906 TXNceca4bc6,shopping
Lifestyle store INR 6606 TXN41375ab2,shopping
School fees INR 29427 TXNf3d7f567,education
Demat account funding INR 18729 TXNdb649edf,investment
Licious meat order INR 43231 TXN87f076a7,food
College fees payment INR 5385 TXNcc926ec5,education
Coaching class fee INR 25487 TXNf55ac893,education
Music streaming INR 1507 TXNf669c1a5,entertainment
Gaming top up INR 10493 TXN40c48a0b,entertainment
Cafe Coffee Day INR 7150 TXNa79f59aa,food
Coaching class fee INR 7659 TXN9256b493,education
FASTag recharge INR 33981 TXN936acc36,travel
Mall purchase INR 5543 TXN4e63bc91,shopping
Cult Fit subscription INR 40631 TXN1aa08910,healthcare
Grofers online INR 31650 TXN31d5c9cd,food
Consumer durable EMI INR 31603 TXNbd198bb8,emi
Decathlon sports INR 27222 TXNcb7732d0,shopping
Hospital bill INR 1555 TXNeaaef3b2,healthcare
Shoppers Stop INR 28733 TXN6d023bcd,shopping
SIP installment INR 37961 TXN95ffbb52,investment
Training program fee INR 26438 TXN7208226b,education
Workshop registration INR 41309 TXNbfb35ad9,education
Upstox trading INR 12005 TXN728f7b7a,investment
Bus ticket INR 15731 TXN3a8a06b1,travel
Electronics shopping INR 12047 TXNfea33d6e,shopping
Lunch at hotel INR 38334 TXN7e808d11,food
Gym membership INR 28397 TXNd618780b,healthcare
Surgery payment INR 29188 TXN220298a5,healthcare
Stationery purchase INR 29203 TXN2f897be6,shopping
Pizza delivery INR 32856 TXNc81ad835,food
Loan repayment INR 24148 TXN55e3106c,emi
KFC order INR 13014 TXN68aed124,food
Blinkit delivery INR 49429 TXN6ed8bce7,food
Car rental INR 16403 TXNb5cb0762,travel
Tata Cliq purchase INR 12731 TXN42a22866,shopping
Uber ride INR 13095 TXN9600bc82,travel
Bharat Petroleum fuel INR 3935 TXNfd2d3bdc,travel
BSNL landline INR 32389 TXN39761938,utilities
Jewellery purchase INR 46162 TXN114de5f4,shopping
Flight ticket booking INR 43814 TXN1468eb41,travel
Mobile recharge INR 45251 TXNde899172,utilities
Municipal tax payment INR 48910 TXN494e5345,utilities
Car rental INR 27183 TXN76817daa,travel
IKEA furniture INR 29488 TXN9773629c,shopping
Sovereign gold bond INR 37920 TXN6f6b6523,investment
Fixed deposit investment INR 38644 TXN85a36e2b,investment
ACT Fibernet bill INR 2791 TXN9db6f98a,utilities
Municipal tax payment INR 319 TXN40dd5e1c,utilities
SpiceJet airlines INR 11075 TXNb5282eff,travel
Airport taxi INR 9333 TXNcddf5f61,travel
LPG cylinder booking INR 47561 TXNa8095ec1,utilities
Theme park ticket INR 26545 TXN1db4b94c,entertainment
Ola cab INR 30174 TXNe55cbab9,travel
Game purchase INR 38784 TXN1d199135,entertainment
Tata Power bill INR 8672 TXNf0c077c9,utilities
Library fee INR 25339 TXN43a1082d,education
Snapdeal buy INR 35306 TXN8a3a3ad3,shopping
Burger King INR 29031 TXNe29a7155,food
Bharat Petroleum fuel INR 3222 TXN0ad0e27f,travel
Flipkart order INR 24554 TXNd82482de,shopping
Spotify premium INR 28536 TXN49e71082,entertainment
MedPlus store INR 29431 TXNb043533e,healthcare
PVR cinemas INR 45705 TXNd7380bf2,entertainment
LPG cylinder booking INR 9834 TXN40fad969,utilities
Exam fee INR 19676 TXN45ffdc0a,education
Gold bond purchase INR 38477 TXNd02a1af3,investment
SIP installment INR 39433 TXN65ff90d0,investment
Haldiram sweets INR 42637 TXN15a8fae7,food
Steam games purchase INR 1188 TXN745de9c5,entertainment
Zerodha stock buy INR 9771 TXNe122d37b,investment
Society maintenance INR 43466 TXN228d564d,utilities
Jewellery purchase INR 39788 TXNf7602888,shopping
Ola cab INR 33454 TXN8b4d5af9,travel
BSNL landline INR 37935 TXNd4e062a9,utilities
Gold bond purchase INR 14182 TXNcac2f8ba,investment
Flipkart order INR 26978 TXN4a97269a,shopping
Coursera subscription INR 35551 TXN663150a0,education
BookMyShow tickets INR 41470 TXN54509417,entertainment
PharmEasy medicines INR 3016 TXN1e497a94,healthcare
Textbook purchase INR 22533 TXNfdfa6055,education
Pharmacy medicine purchase INR 36721 TXN0227571b,healthcare
Pizza delivery INR 20203 TXN3391bdf8,food
Parking fee INR 17282 TXNb9175795,travel
Grocery store bill INR 5464 TXNb19d851a,food
Gold bond purchase INR 15720 TXN3912a7c2,investment
Clothing store bill INR 9220 TXNbaf4660b,shopping
Metro card recharge INR 46235 TXN34bc9c85,travel
Study material purchase INR 34660 TXNa072ece2,education
Municipal tax payment INR 36053 TXN52b43195,utilities
Udemy course purchase INR 9241 TXN742d921b,education
Unacademy plan INR 7211 TXNac52be64,education
Vaccination fee INR 5946 TXNdac3ff07,healthcare
Mobile phone EMI INR 9179 TXN7b4f5d85,emi
OTT subscription INR 6076 TXNb9949865,entertainment
Tea stall INR 48466 TXNfe1a804f,food
Subway sandwich INR 33358 TXNb21cd5c4,food
Flight ticket booking INR 34664 TXNb1908892,travel
Car loan EMI INR 27252 TXNb4c68596,emi
JioCinema plan INR 14764 TXN004fd7ae,entertainment
SpiceJet airlines INR 34387 TXN0dfac6d3,travel
Loan repayment INR 31649 TXN0cb6627e,emi
Bookstore payment INR 27694 TXNa9d12354,shopping
Health insurance premium INR 5923 TXN2fa0f2b4,healthcare
Goibibo hotel INR 8929 TXN4f59c55d,travel
Music streaming INR 4986 TXNd840f63b,entertainment
College fees payment INR 9786 TXN50cddfe3,education
Dental clinic charges INR 33296 TXN1ade2478,healthcare
Equity investment INR 28185 TXN35ed7ef4,investment
Bond purchase INR 26596 TXN1d763e20,investment
Metro card recharge INR 7656 TXNdb55c851,travel
Canteen payment INR 43078 TXNf921ae4a,food
Personal loan installment INR 26940 TXNda273bf5,emi
BigBasket grocery INR 25214 TXN73a0cc16,food
Online course subscription INR 13529 TXN4da2943b,education
Starbucks coffee INR 22354 TXN49e88336,food
Goibibo hotel INR 39170 TXN956461ee,travel
Bus ticket INR 25906 TXNdfc44b57,travel
Workshop registration INR 14154 TXNf9352914,education
Internet recharge INR 25957 TXNa39b31c5,utilities
Mobile phone EMI INR 7922 TXN904ae90e,emi
Air India ticket INR 23278 TXN46569f3a,travel
Airport taxi INR 36879 TXNbec3924b,travel
Cafe coffee INR 42908 TXN8a8e1e4e,food
Textbook purchase INR 6615 TXN0d6de018,education
Online shopping payment INR 31152 TXN952ebb46,shopping
Croma electronics INR 29349 TXN5fb0608d,shopping
Zerodha stock buy INR 29870 TXNef18bc96,investment
FASTag recharge INR 15849 TXN798ffe2d,travel
Recurring deposit INR 48939 TXNf91b7a66,investment
Clinic visit INR 40892 TXNee12ec36,healthcare
Vaccination fee INR 8226 TXN7e7304e5,healthcare
Chinese takeaway INR 48084 TXNa19c255a,food
SpiceJet airlines INR 16154 TXN7aa4dfa7,travel
Game purchase INR 3051 TXN3a0aed19,entertainment
Steam games purchase INR 46573 TXN4b12bb43,entertainment
LPG cylinder booking INR 31681 TXNe257d45c,utilities
Mobile recharge INR 47470 TXN577ebd1a,utilities
Indian Oil fuel INR 18062 TXN34c9c789,travel
Vaccination fee INR 32095 TXNc8ca10da,healthcare
Stationery purchase INR 41979 TXNa458c754,shopping
Bike loan EMI INR 29804 TXNad12e679,emi
MakeMyTrip booking INR 24953 TXNbab51045,travel
Footwear shop INR 5826 TXN13106f98,shopping
Surgery payment INR 14666 TXNb737cdc6,healthcare
Unacademy plan INR 25238 TXN69e836d4,education
Footwear shop INR 46685 TXNf0c270de,shopping
Crypto investment INR 41631 TXN21643203,investment
Gold loan EMI INR 12876 TXN47432dc3,emi
Biryani order INR 37433 TXNf7468fdc,food
Recurring deposit INR 3632 TXNca3119d0,investment
Music streaming INR 22913 TXNc9ca66f6,entertainment
Chinese takeaway INR 32806 TXN90832693,food
Business loan installment INR 21651 TXNeae31feb,emi
Vaccination fee INR 36211 TXN3ba929b2,healthcare
School fees INR 27751 TXN8bcdc06d,education
Bookstore payment INR 48318 TXN7197fdae,shopping
IndiGo flight INR 12381 TXNc9a33e4e,travel
Game purchase INR 48410 TXNa5f92dcc,entertainment
Hostel fees INR 45892 TXNeb43289d,education
Footwear shop INR 34007 TXN40983203,shopping
Event ticket INR 23830 TXNea8370fe,entertainment
Bookstore payment INR 6800 TXN1e70c8f1,shopping
Amazon Prime subscription INR 15275 TXNd859ac7a,entertainment
Stationery purchase INR 11230 TXN0ad57f84,shopping
Maintenance charges INR 25203 TXN13b6f95b,utilities
Nykaa beauty INR 40113 TXN650adf2e,shopping
Jio fiber broadband INR 44483 TXN9a332fe5,utilities
Spotify premium INR 5818 TXNac503181,entertainment
Tuition fees payment INR 33042 TXN9f39e4bc,education
Demat account funding INR 33038 TXN90463763,investment
Index fund purchase INR 14582 TXN483ccca4,investment
Training program fee INR 696 TXN1f3fc18e,education
Barbeque Nation INR 43187 TXN60dcfebd,food
Equity investment INR 23963 TXN1353bf47,investment
Air India ticket INR 5333 TXNadc16800,travel
Bike loan EMI INR 7073 TXNb3e20a74,emi
Surgery payment INR 22047 TXN9627c030,healthcare
Education loan installment INR 10210 TXNfb2b6e40,emi
Upstox trading INR 915 TXN42e0c80d,investment
Business loan installment INR 1455 TXNe0c396a0,emi
IKEA furniture INR 40892 TXNa4b57936,shopping
Biryani order INR 5546 TXNc4e26f37,food
Biryani order INR 6543 TXNdac24db2,food
1mg medicine order INR 1091 TXNb30723dd,healthcare
Parking fee INR 21463 TXN6ada1bbd,travel
Starbucks coffee INR 41703 TXNe7228a9e,food
PharmEasy medicines INR 16655 TXN59c0b7cd,healthcare
Lifestyle store INR 12785 TXN1a90cf8a,shopping
